Estimator,Estimate,SE,Target,CI_lo,CI_hi,Estimate_1k,CI_lo_1k,CI_hi_1k,SE_1k,n_matched,pct_matched
S-Learner,0.002631,0.000001,ATE,0.002629,0.002632,2.630615,2.629116,2.632113,0.000765,,
T-Learner,0.001885,0.000001,ATE,0.001883,0.001888,1.885230,1.882860,1.887599,0.001209,,
IPW (Hajek),0.001399,0.001303,ATE,-0.001155,0.003953,1.399072,-1.154832,3.952976,1.303012,,
AIPW / DR,0.002321,0.001304,ATE,-0.000234,0.004877,2.321403,-0.234097,4.876904,1.303827,,
PS Matching,0.003163,0.000286,ATT,0.002603,0.003723,3.162829,2.602957,3.722700,0.285649,166623.000000,100.000000
